SPECIES,ORIGINAL AREA,1,% Area Lost,3,4,5,6,7,8,9,10
Double-crested cormorant,1.525798778,1.075236746,1.288506427,1.431788606,1.470198063,1.495808955,1.514084035,1.525798796,1.525798781,1.525798799,1.525798781
Herring gull,13.2971564,12.83908148,13.25540253,13.28558998,13.29447561,13.29705683,13.29715641,13.29715628,13.29715641,13.29715627,13.29715641
Bonaparte's gull,3.750263411,3.75026337,3.750263417,3.750263417,3.750263417,3.75026337,3.750263417,3.75026337,3.750263417,3.750263374,3.750263417
Wilson's phalarope,0.048527001,0.048526995,0.048527001,0.048527001,0.048527001,0.048526995,0.048527001,0.048526995,0.048527001,0.048526995,0.048527001
Whimbrel,0.676412342,0.676264067,0.676412342,0.676412342,0.676412342,0.676412358,0.676412342,0.676412358,0.676412342,0.676412358,0.676412342
Spotted sandpiper,353.0075734,350.0188138,352.7547932,352.8434376,352.8521104,352.8745686,352.8827501,352.9030225,352.915678,352.9348299,352.9412088
Greater yellowlegs,6.242964627,6.174054937,6.240059361,6.240059361,6.240059361,6.240059361,6.242964627,6.242964625,6.242964627,6.242964625,6.242964627
Lesser yellowlegs,15.94357756,0.026392343,0.026392341,0.026392341,0.026392341,0.026392343,0.026392341,0.026392343,0.026392341,0.026392343,0.026392341
Red knot,330.9111616,221.2027607,233.7109338,243.7602533,251.1143876,261.0807374,269.3503889,274.3385001,276.7395886,278.1803961,279.2423059
Pectoral sandpiper,0.000467407,0.000467406,0.000467407,0.000467407,0.000467407,0.000467406,0.000467407,0.000467406,0.000467407,0.000467406,0.000467407
Least sandpiper,41.86437452,35.34877165,35.99972051,36.3272912,36.43184646,36.62627641,36.72298322,36.81895859,36.95404838,37.09639515,37.15661118
Dunlin,222.4527631,214.6158627,222.3056461,222.3979624,222.4159806,222.4432988,222.4523103,222.4527632,222.4527632,222.4527632,222.4527632
Short-billed dowitcher,5.25708972,4.234282805,5.207369036,5.229941195,5.240991433,5.246877769,5.25708972,5.257089737,5.25708972,5.257089737,5.25708972
Western sandpiper,18.54056419,18.03081466,18.53682966,18.53682966,18.53682966,18.54056409,18.54056419,18.54056409,18.54056419,18.54056409,18.54056419
Semipalmated plover,112.5779903,104.8425197,111.2654986,112.1149107,112.3152227,112.3896176,112.52475,112.5654581,112.5755509,112.5779901,112.5779903
Killdeer,29.74667311,29.65885849,29.74667311,29.74667311,29.74667311,29.74667309,29.74667311,29.74667309,29.74667311,29.74667309,29.74667311
Black-bellied plover,1.171935172,1.171935144,1.171935171,1.171935171,1.171935171,1.171935144,1.171935171,1.171935144,1.171935171,1.171935145,1.171935171
Ruddy turnstone,0.191173718,0.191173733,0.191173719,0.191173719,0.191173719,0.191173733,0.191173719,0.191173733,0.191173719,0.191173735,0.191173719
Glaucous gull,0.545997208,0.418027449,0.458563039,0.458563039,0.473505361,0.506741818,0.535617684,0.545997194,0.545997208,0.545997194,0.545997208
Least tern,127.4899315,120.8307718,122.1264236,122.0940878,122.2157347,122.1899083,122.2578761,122.3049548,122.2464292,122.4642436,122.3873783
Laughing gull,500.1082182,441.8693941,447.5080381,448.4458375,449.48448,450.0721751,450.4398572,450.6517794,450.7235924,450.7460761,450.7674951
Brown pelican,283.1814469,61.69904829,65.25776051,65.76428798,66.24752123,66.39493288,66.99338249,67.8551269,69.76615835,72.5599853,75.60484525
Black skimmer,156.1186476,153.1923655,155.5937183,155.6696045,155.807832,155.8540394,155.8759404,155.8906304,155.8969141,155.9098065,155.9172192
Gull-billed tern,214.3103732,211.6711846,213.8614612,214.1884055,214.3103732,214.3103733,214.3103732,214.3103733,214.3103732,214.3103733,214.3103732
Sandwich tern,186.6077873,185.116682,186.1644294,186.5837411,186.6034311,186.607787,186.6077873,186.607787,186.6077873,186.607787,186.6077873
Caspian tern,77.47887552,74.54758569,77.3907999,77.3907999,77.3907999,77.4509765,77.47367892,77.47887542,77.47887557,77.4788754,77.47887557
Royal tern,45.87934537,44.01197811,45.44692663,45.61487456,45.64817962,45.66334413,45.72943853,45.75992467,45.75992096,45.75992111,45.76464319
Forster's tern,195.1092926,188.5488538,193.1441983,194.4927467,194.8180816,194.9129903,194.9825813,194.9864993,194.9864993,194.986508,194.9999834
Snowy plover,1244.974588,1162.774852,1163.843598,1163.920488,1163.976956,1164.043515,1164.08648,1164.096465,1164.096465,1164.096465,1164.096777
American avocet,13.02610931,12.48759367,12.95758298,13.01445015,13.02610931,13.02610934,13.02610931,13.02610934,13.02610931,13.02610934,13.02610931
Black-necked stilt,10.97630994,9.554951137,9.559574789,9.577732213,9.583742525,9.596775699,9.621415961,9.624285006,9.627038067,9.627046971,9.659322756
Piping plover,350.2181143,205.4317636,215.1062592,227.0963229,243.2029699,256.1625441,267.977362,279.978772,290.8369163,301.3772148,310.2532324
Wilson's plover,441.1687528,429.5572721,430.1865153,430.4093603,431.1101684,434.5581745,435.2407052,435.3193663,435.3387607,435.3860372,435.4089257
Willet,4.754420402,4.663333387,4.709611742,4.719905134,4.729630116,4.740431999,4.754420402,4.754420464,4.754420402,4.754420464,4.754420402
Semipalmated sandpiper,2241.36774,412.4066807,567.7673338,738.9535554,903.3301752,1032.395407,1137.027367,1232.128524,1319.197016,1396.428078,1468.159049
Reddish egret,664.7924079,123.2198331,211.8883956,277.0245254,334.3206898,394.7616613,452.4136496,499.1941738,537.9033131,575.4056884,600.1127917
American golden-plover,0.52481869,0.524818669,0.52481869,0.52481869,0.52481869,0.524818669,0.52481869,0.524818669,0.52481869,0.524818669,0.52481869
American white pelican,3505.225895,2282.722243,2310.987899,2333.116913,2356.387208,2378.163229,2404.738095,2428.89354,2448.934034,2468.486012,2483.975196
Black tern,101.7626077,101.5468689,101.6369594,101.6369744,101.6369744,101.6369746,101.6392918,101.6369596,101.6369744,101.639292,101.6369744
Long-billed curlew,0.001702199,0.001702197,0.001702199,0.001702199,0.001702199,0.001702197,0.001702199,0.001702197,0.001702199,0.001702197,0.001702199
Marbled godwit,0.00117714,0.00117714,0.00117714,0.00117714,0.00117714,0.00117714,0.00117714,0.00117714,0.00117714,0.00117714,0.00117714
Stilt sandpiper,0.001913536,0.001913536,0.001913536,0.001913536,0.001913536,0.001913536,0.001913536,0.001913536,0.001913536,0.001913536,0.001913536
White-rumped sandpiper,0.006935742,0.006935743,0.006935742,0.006935742,0.006935742,0.006935743,0.006935742,0.006935743,0.006935742,0.006935743,0.006935742
Franklin's gull,0.003595594,0.003595593,0.003595594,0.003595594,0.003595594,0.003595593,0.003595594,0.003595593,0.003595594,0.003595593,0.003595594
Buff-breasted sandpiper,1.782946143,1.637602639,1.666073393,1.671248576,1.671245436,1.682196571,1.682742908,1.687349498,1.690829966,1.703171899,1.703171951
Dowitchers,0.037572976,0.036686409,0.037572976,0.037572976,0.037572976,0.037572957,0.037572976,0.037572957,0.037572976,0.037572957,0.037572976
Lesser black-backed gull,0.006577607,0.005512136,0.006577607,0.006577607,0.006577607,0.006577618,0.006577607,0.006577618,0.006577607,0.006577618,0.006577607
Lemon shark,0.000624502,0.000624503,0.000624502,0.000624502,0.000624502,0.000624503,0.000624502,0.000624503,0.000624502,0.000624503,0.000624502
Upland sandpiper,0.000536121,0.000536123,0.000536121,0.000536121,0.000536121,0.000536123,0.000536121,0.000536123,0.000536121,0.000536123,0.000536121
Baird's sandpiper,11.98598576,11.22990186,11.98598574,11.98598574,11.98598574,11.98598576,11.98598574,11.98598576,11.98598574,11.98598576,11.98598574
Wilson's snipe,2.802951373,2.796981753,2.80295138,2.80295138,2.80295138,2.802951422,2.80295138,2.802951422,2.80295138,2.802951419,2.80295138
American oystercatcher,45.7130052,12.42641675,15.61741725,18.17682374,18.74852929,18.99488979,19.08312065,19.11957703,19.12957253,19.17404185,19.19515081
American alligator,0.003503398,0.003503396,0.003503398,0.003503398,0.003503398,0.003503396,0.003503398,0.003503396,0.003503398,0.003503396,0.003503398
Scaup,274.3203844,58.49932014,67.33793876,83.823926,96.60308949,110.6933165,118.082196,120.2337067,120.8919325,121.1932912,121.7590891
Greater white-fronted goose,17.70024328,17.66982612,17.68029252,17.68598884,17.68598884,17.68598894,17.68598884,17.68598894,17.68598884,17.68598894,17.68598884
Snow goose,13.72066492,11.29077801,12.47743909,13.41880164,13.50404632,13.53467492,13.5553317,13.55739755,13.55739758,13.55739755,13.55739758
Dabbling ducks,9.662775783,0.044975287,0.044975295,0.044975295,0.044975295,0.044975287,0.044975295,0.044975287,0.044975295,0.044975287,0.044975295
Diving ducks,16.80109484,2.087892233,2.049813746,2.104109887,2.178511363,2.233753665,2.270827226,2.296158851,2.336490708,2.373129557,2.397511778
Louisiana black bear,0.119077532,0.119077552,0.119077532,0.119077532,0.119077532,0.119077552,0.119077532,0.119077552,0.119077532,0.119077552,0.119077532
Common loon,113.3177337,111.287125,111.3473113,111.3512345,111.356665,111.3573345,111.356665,111.3584531,111.3582918,111.357299,111.3567062
Northern gannet,15.29123288,15.07330185,15.26243935,15.27638845,15.27638845,15.27638842,15.27950739,15.27950736,15.28391419,15.28390459,15.28977912
Bald eagle,22.6534255,16.0137335,16.22423877,16.23681905,16.23437767,16.24508694,16.24625386,16.26401048,16.28638683,16.30955491,16.31456428
White-faced or Glossy ibis,480.5966452,451.8977586,479.9639948,480.1006816,480.1141739,480.1141739,480.1141739,480.1168766,480.1226753,480.1253064,480.148013
Little blue heron,42.95312987,41.47812628,42.36193018,42.61297305,42.78772891,42.82129767,42.8215288,42.82421129,42.82424074,42.82291779,42.82998321
Cattle egret,91.05169754,86.89339157,88.38606863,89.37180459,90.73255051,91.01233076,91.05169754,91.05169753,91.05169754,91.05169753,91.05169754
Tricolored heron,1709.7363,1673.654219,1700.524021,1701.648937,1702.557552,1703.435082,1703.661683,1703.669139,1703.682432,1703.714462,1703.724202
White ibis,100.2616512,98.67400202,99.19804433,99.26779789,99.26890092,99.27343967,99.28221773,99.29439765,99.29051305,99.30869085,99.32320538
Great egret,46.86723462,38.2731135,38.50040977,38.79764771,39.11628097,39.3829624,39.68296981,39.88523814,39.99944546,40.04937721,40.07502179
Snowy egret,114.0821453,104.6924247,106.2008156,106.2870621,106.3601889,106.3688392,106.3705109,106.3715402,106.3923156,106.4152239,106.4220199
Great blue heron,365.2192907,362.3713152,363.6432105,363.8814596,363.9799634,364.0286607,364.0932885,364.111401,364.1532575,364.2109006,364.2263537
Black-crowned night-heron,5.316403553,5.315728718,5.316403553,5.316403553,5.316403553,5.316403496,5.316403553,5.316403496,5.316403553,5.316403496,5.316403553
Roseate spoonbill,38.33559527,37.23159261,38.33559527,38.33559527,38.33559527,38.33559522,38.33559527,38.33559522,38.33559527,38.33559522,38.33559527
Neotropic cormorant,0.429636405,0.429636399,0.429636405,0.429636405,0.429636405,0.429636399,0.429636405,0.429636399,0.429636405,0.429636399,0.429636405
Anhinga,8.75889595,6.368343351,6.443651455,6.492731342,6.548296284,6.567885072,6.594035646,6.621285343,6.634691131,6.666416327,6.823314322
Bufflehead,31.09213239,11.62717109,11.52987093,11.54172698,11.57516966,11.64117016,11.65931901,11.70420228,11.71913577,11.73635426,11.7739714
Mergansers,6.233866972,1.522626938,1.535799551,1.551709097,1.548465675,1.558321215,1.552425928,1.56970272,1.581814075,1.584532802,1.599624723
Long-billed dowitcher,11.81590099,11.55834093,11.63428204,11.64570587,11.66464742,11.69747725,11.72423601,11.72423599,11.72423601,11.72423599,11.72423601
White-faced ibis,3.877543922,3.749993506,3.869472746,3.87340486,3.87340486,3.873404856,3.87340486,3.873404856,3.87340486,3.873404851,3.87340486
Northern harrier,2.315641223,1.067354074,1.583100144,1.792822695,1.880334894,1.951678313,1.96188596,1.961885963,1.96188596,1.961885963,1.96188596
Yellow rail,2.552288219,2.478674639,2.519173031,2.52210634,2.52210634,2.522106378,2.52210634,2.522106378,2.52210634,2.522106378,2.52210634
Yellow-crowned night-heron,0.001376718,0.001376717,0.001376718,0.001376718,0.001376718,0.001376717,0.001376718,0.001376717,0.001376718,0.001376717,0.001376718
Diamondback terrapin,4.614504178,4.614504184,4.614504178,4.614504178,4.614504178,4.614504184,4.614504178,4.614504184,4.614504178,4.614504184,4.614504178
Deep sea coral,0.020050273,0.020050269,0.020050273,0.020050273,0.020050273,0.020050269,0.020050273,0.020050269,0.020050273,0.020050269,0.020050273
Mallard,184.8684901,45.69238542,46.09501834,46.19946773,46.24426933,46.27085312,46.30504756,46.33551502,46.34325768,47.17214263,47.39556432
Northern pintail,377.3684718,257.6615558,259.6470019,259.9582095,260.1882253,260.2952065,260.4690747,260.8075734,261.0383218,261.2635396,261.5994677
Green-winged teal,47.91228919,40.18635633,40.88364299,41.1097256,41.16066085,41.17418407,41.2744191,41.50281515,41.78173086,42.04443941,42.22493349
Northern shoveler,1589.682967,1565.741548,1568.107693,1570.234451,1571.776433,1572.460064,1572.672848,1572.798364,1572.849127,1572.923573,1573.059573
Canvasback,177.7401943,43.94236384,45.27896296,46.56485948,47.49381486,48.37010501,49.27561766,50.68920179,51.52661043,52.70957038,55.06901326
American coot,76.56768893,39.0477703,39.92076231,40.90923045,43.14894763,51.06782572,52.27500775,52.42846846,52.48106665,52.55960277,52.5837908
Gadwall,164.728927,132.4544713,148.8095338,150.0791167,150.5772505,151.0815233,151.2568158,151.4576067,151.620369,152.093808,152.2657092
American wigeon,51.49740067,9.235187042,9.818552644,10.11959055,10.11848964,10.15248314,10.17151689,10.17226928,10.17299598,10.1931661,10.19320179
Ring-necked duck,167.5035421,120.1791236,121.8407256,122.2611018,122.5356327,122.835752,123.0471003,123.3905026,123.5829797,124.1150772,124.4339987
Blue-winged teal,405.1863018,319.4483696,327.8508298,328.8871792,330.0692383,333.381658,340.8156561,356.3196691,369.4440931,379.9244468,389.3078144
Hooded merganser,31.97672287,22.85983787,23.587191,23.99421698,24.06616599,24.16369078,24.88861768,25.55483734,25.7068354,25.72218065,25.74901354
Mottled duck,441.2152569,316.4854872,341.7377715,355.0705306,363.3311895,369.583936,373.1468091,376.2348156,379.3905837,381.6406446,383.9209423
Ring-billed gull,0.003228032,0.003228033,0.003228032,0.003228032,0.003228032,0.003228033,0.003228032,0.003228033,0.003228032,0.003228033,0.003228032
Sanderling,0.000344774,0.000344773,0.000344774,0.000344774,0.000344774,0.000344773,0.000344774,0.000344773,0.000344774,0.000344773,0.000344774
Solitary sandpiper,0.00117065,0.001170648,0.00117065,0.00117065,0.00117065,0.001170648,0.00117065,0.001170648,0.00117065,0.001170648,0.00117065
Parasitic jaeger,0.000441746,0.000441746,0.000441746,0.000441746,0.000441746,0.000441746,0.000441746,0.000441746,0.000441746,0.000441746,0.000441746
Magnificent frigatebird,0.149406543,0.002044571,0.033300414,0.093862521,0.142875874,0.147261032,0.147261023,0.147261032,0.147261023,0.148051212,0.149406543
Pomarine skua,0.506267941,0.506267934,0.506267941,0.506267941,0.506267941,0.506267934,0.506267941,0.506267934,0.506267941,0.506267934,0.506267941
Cory's shearwater,0.240568243,0.240568244,0.240568243,0.240568243,0.240568243,0.240568244,0.240568243,0.240568244,0.240568243,0.240568244,0.240568243
Great shearwater,0.094622453,0.094622456,0.094622453,0.094622453,0.094622453,0.094622456,0.094622453,0.094622456,0.094622453,0.094622456,0.094622453
Gulls,124.7133305,50.19836308,51.43141837,52.30892521,53.61399756,56.88546544,61.71911578,65.33619988,68.7518953,72.58634554,75.91332022
Terns,75.53572932,8.129355221,10.00099755,14.42109669,27.57392511,35.66907658,43.56045737,50.93561784,55.34010727,58.12225793,59.69908594
Wading birds,63.51691856,19.90150211,20.71360428,20.90738445,20.94268161,20.9846182,21.00590841,21.0184357,21.06801909,21.06645943,21.06630333
Pelicans,209.303556,49.51304757,55.56738945,64.70944318,74.4476716,87.27984608,100.8181161,112.1973076,121.0068861,129.9933885,138.1130803
Kemp's ridley sea turtle,0.000336207,0.000336208,0.000336207,0.000336207,0.000336207,0.000336208,0.000336207,0.000336208,0.000336207,0.000336208,0.000336207
Lesser scaup,1.129656154,1.125455014,1.129656154,1.129656154,1.129656154,1.129656185,1.129656154,1.129656185,1.129656154,1.129656185,1.129656154
Purple martin,3.198463254,3.172444511,3.198463254,3.198463254,3.198463254,3.198463211,3.198463254,3.198463211,3.198463254,3.198463211,3.198463254
Killer whale,3.82E-05,3.82E-05,3.82E-05,3.82E-05,3.82E-05,3.82E-05,3.82E-05,3.82E-05,3.82E-05,3.82E-05,3.82E-05
Melon-headed whale,0.007032227,0.007032229,0.007032227,0.007032227,0.007032227,0.007032229,0.007032227,0.007032229,0.007032227,0.007032229,0.007032227
Pygmy sperm whale,0.000268829,0.000268828,0.000268829,0.000268829,0.000268829,0.000268828,0.000268829,0.000268828,0.000268829,0.000268828,0.000268829
Short-finned pilot whale,0.081884077,0.081884078,0.081884077,0.081884077,0.081884077,0.081884078,0.081884077,0.081884078,0.081884077,0.081884078,0.081884077
Risso's dolphin,0.008141532,0.008141532,0.008141532,0.008141532,0.008141532,0.008141532,0.008141532,0.008141532,0.008141532,0.008141532,0.008141532
Sperm whale,0.00197077,0.001970769,0.00197077,0.00197077,0.00197077,0.001970769,0.00197077,0.001970769,0.00197077,0.001970769,0.00197077
Pantropical spotted dolphin,0.001398301,0.0013983,0.001398301,0.001398301,0.001398301,0.0013983,0.001398301,0.0013983,0.001398301,0.0013983,0.001398301
Spinner dolphin,0.000195372,0.000195372,0.000195372,0.000195372,0.000195372,0.000195372,0.000195372,0.000195372,0.000195372,0.000195372,0.000195372
Dwarf sperm whale,0.00067733,0.00067733,0.00067733,0.00067733,0.00067733,0.00067733,0.00067733,0.00067733,0.00067733,0.00067733,0.00067733
Rough-toothed dolphin,0.001953774,0.001953774,0.001953774,0.001953774,0.001953774,0.001953774,0.001953774,0.001953774,0.001953774,0.001953774,0.001953774
Cuvier's beaked whale,0.007260234,0.007260232,0.007260234,0.007260234,0.007260234,0.007260232,0.007260234,0.007260232,0.007260234,0.007260232,0.007260234
Striped dolphin,0.000992901,0.0009929,0.000992901,0.000992901,0.000992901,0.0009929,0.000992901,0.0009929,0.000992901,0.0009929,0.000992901
False killer whale,0.011058403,0.011058402,0.011058403,0.011058403,0.011058403,0.011058402,0.011058403,0.011058402,0.011058403,0.011058402,0.011058403
Pygmy killer whale,0.057586628,0.057586637,0.057586628,0.057586628,0.057586628,0.057586637,0.057586628,0.057586637,0.057586628,0.057586637,0.057586628
Fraser's dolphin,0.002341193,0.002341194,0.002341193,0.002341193,0.002341193,0.002341194,0.002341193,0.002341194,0.002341193,0.002341194,0.002341193
Blainville beaked whale,0.000236857,0.000236856,0.000236857,0.000236857,0.000236857,0.000236856,0.000236857,0.000236856,0.000236857,0.000236856,0.000236857
Gervais' beaked whale,0.000185387,0.000185386,0.000185387,0.000185387,0.000185387,0.000185386,0.000185387,0.000185386,0.000185387,0.000185386,0.000185387
Clymene dolphin,0.006566567,0.006566569,0.006566567,0.006566567,0.006566567,0.006566569,0.006566567,0.006566569,0.006566567,0.006566569,0.006566567
Bottlenose dolphin,0.000579356,0.000579354,0.000579356,0.000579356,0.000579356,0.000579354,0.000579356,0.000579354,0.000579356,0.000579354,0.000579356
West Indian manatee,0.006487066,0.006487066,0.006487066,0.006487066,0.006487066,0.006487066,0.006487066,0.006487066,0.006487066,0.006487066,0.006487066
Waterfowl,5.79953481,4.828940462,5.612473839,5.780285698,5.79953481,5.799534801,5.79953481,5.799534801,5.79953481,5.799534801,5.79953481
Raptors,0.028695107,0.000272285,0.000272287,0.001408652,0.017570545,0.025593245,0.028695107,0.02869511,0.028695107,0.02869511,0.028695107
Diving birds,0.001248043,9.06E-05,9.06E-05,0.001248043,0.001248043,0.001248043,0.001248043,0.001248043,0.001248043,0.001248043,0.001248043
Common tern,0.000265915,0.000265915,0.000265915,0.000265915,0.000265915,0.000265915,0.000265915,0.000265915,0.000265915,0.000265915,0.000265915
Leach's storm-petrel,0.000497925,0.000497925,0.000497925,0.000497925,0.000497925,0.000497925,0.000497925,0.000497925,0.000497925,0.000497925,0.000497925
Brown noddy,0.000128644,0.000128644,0.000128644,0.000128644,0.000128644,0.000128644,0.000128644,0.000128644,0.000128644,0.000128644,0.000128644
Sooty tern,0.00411517,0.004115171,0.00411517,0.00411517,0.00411517,0.004115171,0.00411517,0.004115171,0.00411517,0.004115171,0.00411517
Masked booby,0.001737637,0.001737638,0.001737637,0.001737637,0.001737637,0.001737638,0.001737637,0.001737638,0.001737637,0.001737638,0.001737637
Manx shearwater,0.003026846,0.003026847,0.003026846,0.003026846,0.003026846,0.003026847,0.003026846,0.003026847,0.003026846,0.003026847,0.003026846
Brown booby,0.001933677,0.001933676,0.001933677,0.001933677,0.001933677,0.001933676,0.001933677,0.001933676,0.001933677,0.001933676,0.001933677
Bridled tern,0.000685729,0.000685729,0.000685729,0.000685729,0.000685729,0.000685729,0.000685729,0.000685729,0.000685729,0.000685729,0.000685729
Audubon's shearwater,0.000193912,0.000193912,0.000193912,0.000193912,0.000193912,0.000193912,0.000193912,0.000193912,0.000193912,0.000193912,0.000193912
Band-rumped storm-petrel,0.000116075,0.000116076,0.000116075,0.000116075,0.000116075,0.000116076,0.000116075,0.000116076,0.000116075,0.000116076,0.000116075
Red-billed tropicbird,0.000219917,0.000219917,0.000219917,0.000219917,0.000219917,0.000219917,0.000219917,0.000219917,0.000219917,0.000219917,0.000219917
Long-tailed jaeger,0.00116572,0.001165719,0.00116572,0.00116572,0.00116572,0.001165719,0.00116572,0.001165719,0.00116572,0.001165719,0.00116572
Wilson's storm-petrel,0.001190685,0.001190684,0.001190685,0.001190685,0.001190685,0.001190684,0.001190685,0.001190684,0.001190685,0.001190684,0.001190685
Black-capped petrel,0.009422961,0.009422962,0.009422961,0.009422961,0.009422961,0.009422962,0.009422961,0.009422962,0.009422961,0.009422962,0.009422961
Eastern oyster,0.002046078,0.002046079,0.002046078,0.002046078,0.002046078,0.002046079,0.002046078,0.002046079,0.002046078,0.002046079,0.002046078
Oyster reef,0.000347505,0.000347504,0.000347505,0.000347505,0.000347505,0.000347504,0.000347505,0.000347504,0.000347505,0.000347504,0.000347505
Dolphinfish,5.32835854,5.045936685,5.311608538,5.313014113,5.320786211,5.326176859,5.328358535,5.32835874,5.328358535,5.32835874,5.328358535
Blue marlin,0.12739807,0.127398077,0.12739807,0.12739807,0.12739807,0.127398077,0.12739807,0.127398077,0.12739807,0.127398077,0.12739807
Yellowfin tuna,11.09649245,10.82484658,11.09649246,11.09649246,11.09649246,11.09649219,11.09649246,11.09649219,11.09649246,11.09649219,11.09649246
Swordfish,9.403519686,8.479904215,8.477930323,8.739953983,9.399542388,9.403519656,9.403519686,9.403519656,9.403519686,9.403519656,9.403519686
Wahoo,57.6907715,56.09356863,57.67531206,57.6907715,57.6907715,57.69077178,57.6907715,57.69077178,57.6907715,57.69077178,57.6907715
Blackfin tuna,0.392735803,0.392735793,0.392735803,0.392735803,0.392735803,0.392735793,0.392735803,0.392735793,0.392735803,0.392735793,0.392735803
Bluefin tuna,0.161323743,0.161323722,0.161323743,0.161323743,0.161323743,0.161323722,0.161323743,0.161323722,0.161323743,0.161323722,0.161323743
Tilefish,0.026508508,0.02650851,0.026508508,0.026508508,0.026508508,0.02650851,0.026508508,0.02650851,0.026508508,0.02650851,0.026508508
White marlin,0.001483551,0.001483551,0.001483551,0.001483551,0.001483551,0.001483551,0.001483551,0.001483551,0.001483551,0.001483551,0.001483551
Blueline tilefish,0.304389735,0.245946093,0.282820254,0.294225725,0.298679035,0.301576523,0.303270198,0.304389782,0.304389735,0.304389782,0.304389735
Pallid sturgeon,0.005511609,0.005511607,0.005511609,0.005511609,0.005511609,0.005511607,0.005511609,0.005511607,0.005511609,0.005511607,0.005511609
Sargassum,0.001891055,0.001891058,0.001891055,0.001891055,0.001891055,0.001891058,0.001891055,0.001891058,0.001891055,0.001891058,0.001891055
Submerged aquatic vegetation,0.000794926,0.000794926,0.000794926,0.000794926,0.000794926,0.000794926,0.000794926,0.000794926,0.000794926,0.000794926,0.000794926
Seagrass,0.0748713,0.074871307,0.0748713,0.0748713,0.0748713,0.074871307,0.0748713,0.074871307,0.0748713,0.074871307,0.0748713
Sea ducks,2.899213817,1.716736103,1.742069036,1.799715453,1.846546988,1.858344756,1.884495303,1.90511204,1.940137688,1.974394876,2.011652954
Spotted seatrout,940.0223384,937.3022099,939.9045059,939.9891213,939.9977038,940.0001043,940.0020953,940.007887,940.0125452,940.0142423,940.0151927
Red drum,765.3847277,732.1046783,741.1420887,743.2760665,744.1856664,744.7801739,745.2948518,745.5703942,746.0516102,746.521291,747.0140846
Southern flounder,3917.95325,3182.001101,3185.392034,3186.661423,3187.386794,3188.315341,3189.558658,3190.280116,3190.722818,3191.223351,3191.512634
Striped mullet,1136.435307,1070.646115,1107.726464,1111.367518,1113.418862,1114.834515,1115.62767,1115.794727,1115.852126,1115.892899,1115.905725
Black drum,389.6210905,319.108451,325.1766563,325.7593789,325.8436045,325.8820958,325.8949717,325.9219865,325.9296952,325.9507153,325.9782362
Blue catfish,858.0750829,802.5475198,856.3289212,857.9002872,858.0083452,858.0438508,858.0699493,858.0699502,858.075083,858.0750838,858.075083
Gulf menhaden,272.2819947,265.2865968,268.1637331,268.5903822,268.6182468,268.7130188,268.7168468,268.7119452,268.7881491,268.8549887,268.7879134
Gafftopsail catfish,91.26937492,55.47576313,57.31119211,57.62034616,57.87064657,58.24335022,58.35727215,58.41159887,58.4284734,58.44267694,58.45298026
White trout,339.0033608,314.4213313,322.7517166,327.6743405,331.8563858,333.9828029,335.2325079,336.143682,337.0287512,337.5594555,337.9381023
Atlantic spadefish,63.78138035,63.24467153,63.44764389,63.46906605,63.48723609,63.52351739,63.53530934,63.54388322,63.55591126,63.55591115,63.55591125
Bull shark,72.10807153,68.39517129,71.73568235,71.90280305,71.99540379,72.04805048,72.07738236,72.08748366,72.0874553,72.0868061,72.08745422
Longnose gar,113.1967758,109.3973638,111.5784513,112.424601,112.7959905,112.9541651,113.0850799,113.1443618,113.1759298,113.1762294,113.1916398
Croakers,1333.576331,1326.157062,1331.982931,1332.47373,1332.67053,1332.73621,1332.765328,1332.785227,1332.789271,1332.798776,1332.807077
Shad,453.9845169,135.7476973,141.9785818,144.0395793,145.2714636,146.1372613,146.9032356,147.471629,148.0250092,148.4868354,148.8151944
Alligator gar,487.1990213,448.2260236,474.7793461,480.008159,481.5184794,482.6323481,483.1998037,484.0270681,484.7703234,485.0410179,485.2779952
American eel,113.9847983,74.44053247,87.72417592,94.33339215,99.04615976,103.5014906,107.5222223,110.2075819,111.6927857,112.5893415,112.9204227
Sheepshead,340.8797053,268.6438245,277.9288537,285.9078305,293.1798498,300.9647116,311.4336047,321.2744886,326.1566515,328.7899762,330.0912626
Largemouth bass,42.99763969,39.76892334,42.29393111,42.41703261,42.42835498,42.44373904,42.51429662,42.80928307,42.86916338,42.9335885,42.93813336
White bass,216.8034991,171.3162424,214.3972717,216.6518992,216.7583999,216.7677465,216.7870503,216.7874301,216.7757479,216.7959891,216.7961061
Channel catfish,71.27959551,63.54211413,69.75305891,70.51384303,70.5488761,70.62124281,71.06640768,71.2508225,71.27959552,71.27959546,71.27959552
Freshwater drum,322.9703097,320.4323329,322.7496469,322.8792029,322.9228647,322.9511001,322.9420482,322.9599684,322.9648718,322.9697076,322.9697076
Bowfin,921.4180927,825.3074428,902.3187139,914.3491581,914.9954893,915.2946532,915.4916375,915.5974975,915.6267899,915.6273068,915.628116
Crappie,1654.467946,1554.146198,1638.911968,1646.796589,1649.582392,1651.173004,1651.467238,1651.616142,1651.690195,1651.794301,1651.891242
Flathead catfish,200.5492421,157.5192629,185.3755503,192.0709676,195.6563403,197.6893922,198.6165289,198.8824835,199.1037056,199.5271702,199.7093625
Paddlefish,86.12994158,82.97942928,84.55231604,84.87618509,84.92910405,84.98028932,85.1359253,85.21615277,85.25174399,85.40358717,85.50856969
Killifish,593.3903229,582.5606622,590.8094468,592.0243418,592.9681934,593.2138376,593.2795852,593.3151126,593.3274455,593.3447005,593.3447001
Spotted gar,94.85671072,79.60973587,88.26605516,91.50033527,93.06667441,93.71332213,94.54554408,94.82266267,94.84990792,94.85671037,94.85671072
Anchovies,231.7461767,204.5436408,215.393453,217.8914925,220.68379,223.40293,225.5536749,226.8577886,227.8599002,228.3039523,228.7486507
Bream,531.8185525,502.1656899,528.1055596,531.3153745,531.4590792,531.6992324,531.7961591,531.8110465,531.8173572,531.8173573,531.8173572
Buffalo,75.58325668,68.90558216,72.96709028,74.0033201,74.26410793,74.42485037,74.78417342,75.18755862,75.46141933,75.51519207,75.56797662
Herrings and sardines,140.8690762,135.3324635,139.7170268,140.1775039,140.2689237,140.2947656,140.320173,140.6131046,140.8175886,140.8446374,140.8496916
Pipefish,32.72541781,7.272732796,9.413041257,9.627191997,9.733527898,9.76144195,9.799950481,9.800989006,9.806403502,9.826256227,9.848330931
Spanish mackerel,169.0806251,131.6322849,164.4837416,168.5107484,168.8909499,169.0175591,169.0332862,169.048597,169.0486128,169.0490201,169.0490048
Gray snapper,147.5212158,147.5031241,147.5196204,147.5208362,147.5208362,147.5208352,147.5208362,147.5208352,147.5208362,147.5208352,147.5208362
Forage fish,52.35321192,47.9456871,48.85052778,48.970887,49.12353098,49.20369518,49.29138843,49.34385113,49.44951177,49.5885555,49.70144286
Kingfishes,793.9372747,778.9635034,783.1540879,786.2447888,788.7174237,790.7967192,792.3528043,793.1678824,793.6562269,793.9000493,793.9372747
Seahorses,0.749426793,0.748823898,0.749426793,0.749426793,0.749426793,0.749426781,0.749426793,0.749426781,0.749426793,0.749426781,0.749426793
Florida pompano,0.256327808,0.119416884,0.132048842,0.193712165,0.231013081,0.241504965,0.252659244,0.256327858,0.256327808,0.256327858,0.256327808
Cobia,58.79571153,58.61445056,58.67636635,58.69815486,58.70445406,58.70445393,58.71545918,58.71260149,58.71260163,58.71260146,58.71260163
Atlantic tripletail,14.5603867,12.49997372,14.03671282,14.48737561,14.55288083,14.5533733,14.55337317,14.5533733,14.55337317,14.5533733,14.55337317
Lane snapper,12.27117719,9.327226092,9.554238688,9.597854463,9.631670971,9.63686825,9.670263401,9.687998721,9.68905828,9.690007102,9.697704539
Blacktip shark,9.543198993,4.416966023,4.59812488,4.632235935,4.668933453,4.724630217,4.8057375,4.803629059,4.824707077,4.833184698,4.834428699
Atlantic sharpnose shark,369.6805407,248.4811011,257.2069436,260.1179487,261.7726266,262.7663616,263.1315631,263.3552474,263.514116,263.6996668,263.8667154
Finetooth shark,1.399273806,1.348902521,1.378204597,1.394152977,1.399273806,1.399273754,1.399273806,1.399273754,1.399273806,1.399273754,1.399273806
Scalloped hammerhead,7.58071922,7.580419496,7.577801637,7.577801637,7.577801637,7.57780159,7.577801637,7.57780159,7.580123112,7.580140927,7.580123112
Tarpon,37.55983482,37.54483456,37.55382544,37.55380139,37.55427248,37.5547671,37.55844096,37.55983502,37.55983483,37.55983502,37.55983483
Red snapper,30.35140613,30.31855693,30.35011505,30.35140613,30.35140613,30.35140598,30.35140613,30.35140598,30.35140613,30.35140598,30.35140613
King mackerel,7.337887106,7.333835915,7.337887106,7.337887106,7.337887106,7.337887093,7.337887106,7.337887093,7.337887106,7.337887093,7.337887106
Greater amberjack,82.09700837,82.09260834,82.09700837,82.09700837,82.09700837,82.09700857,82.09700837,82.09700857,82.09700837,82.09700857,82.09700837
Grouper,0.252946421,0.252946411,0.252946421,0.252946421,0.252946421,0.252946411,0.252946421,0.252946411,0.252946421,0.252946411,0.252946421
Shortfin mako,0.459616403,0.459616428,0.459616403,0.459616403,0.459616403,0.459616428,0.459616403,0.459616428,0.459616403,0.459616428,0.459616403
Dusky shark,3.814751511,3.814751512,3.814751511,3.814751511,3.814751511,3.814751512,3.814751511,3.814751512,3.814751511,3.814751512,3.814751511
Great barracuda,0.003604209,0.003604212,0.003604209,0.003604209,0.003604209,0.003604212,0.003604209,0.003604212,0.003604209,0.003604212,0.003604209
Gag,57.1298937,56.93423853,57.1298937,57.1298937,57.1298937,57.12989364,57.1298937,57.12989364,57.1298937,57.12989364,57.1298937
Spinner shark,0.010007429,0.010007434,0.010007429,0.010007429,0.010007429,0.010007434,0.010007429,0.010007434,0.010007429,0.010007434,0.010007429
Gray triggerfish,4.141602493,4.003955861,4.141602493,4.141602493,4.141602493,4.141602549,4.141602493,4.141602549,4.141602493,4.141602549,4.141602493
Vermilion snapper,20.42282055,13.73389985,19.44738432,20.39539719,20.42282055,20.42282059,20.42282055,20.42282059,20.42282055,20.42282059,20.42282055
Blacknose shark,0.000999929,0.000999928,0.000999929,0.000999929,0.000999929,0.000999928,0.000999929,0.000999928,0.000999929,0.000999928,0.000999929
Ballyhoo,0.000333853,0.000333852,0.000333853,0.000333853,0.000333853,0.000333852,0.000333853,0.000333852,0.000333853,0.000333852,0.000333853
Blue crab,148.4518885,147.2838529,148.3435712,148.3988055,148.4110029,148.4109246,148.4109241,148.408284,148.4082835,148.4086929,148.4086924
White shrimp,55.18703797,53.92968142,55.14626305,55.18703798,55.18703797,55.18703793,55.18703797,55.18703793,55.18703797,55.18703793,55.18703797
Atlantic rangia,78.20175813,76.34700661,77.26039195,77.27091508,77.2770279,77.27702759,77.27892713,77.27700632,77.2770279,77.27892679,77.2770279
Grass shrimp,130.0983328,124.8473122,130.0223804,130.0849322,130.0832467,130.0849324,130.0873447,130.0873445,130.0873447,130.0851661,130.0851663
River shrimp,108.3985685,104.9490905,106.9372319,106.9727288,106.9871736,106.9841886,106.9898698,106.9955581,106.9947889,106.9982441,106.9962496
Atlantic seabob shrimp,17.90329475,17.85794802,17.89811992,17.90329475,17.90329475,17.90329505,17.90329475,17.90329505,17.90329475,17.90329505,17.90329475
Red swamp crawfish,29.08895735,27.40907863,28.93408402,29.0880585,29.08895735,29.08895744,29.08895735,29.08895744,29.08895735,29.08895744,29.08895735
Brown shrimp,177.1060447,156.4102999,159.9289615,160.3485014,160.390491,160.3931552,160.4083876,160.4341684,160.4341685,160.4513408,160.4513409
Fiddler crab,459.1061978,456.9931485,458.2094974,458.2110059,458.2111723,458.2119642,458.2119632,458.2196354,458.2196344,458.2189679,458.2189668
Stone crab,0.760075094,0.76007509,0.760075094,0.760075094,0.760075094,0.76007509,0.760075094,0.76007509,0.760075094,0.76007509,0.760075094
Squid,210.9791878,198.448215,210.3734092,210.9690075,210.9791878,210.9791877,210.9791878,210.9791877,210.9791878,210.9791877,210.9791878
Flatwoods digger,5.961650208,5.806396169,5.961650208,5.961650208,5.961650208,5.961650227,5.961650208,5.961650227,5.961650208,5.961650227,5.961650208
Pink shrimp,17.54892645,14.93062674,15.92930093,16.45401923,16.91515519,17.22671094,17.42756369,17.53378233,17.54892645,17.54892637,17.54892645
Leatherback sea turtle,0.00324081,0.003240811,0.00324081,0.00324081,0.00324081,0.003240811,0.00324081,0.003240811,0.00324081,0.003240811,0.00324081
Loggerhead sea turtle,60.63554647,60.6355464,60.63554647,60.63554647,60.63554647,60.6355464,60.63554647,60.6355464,60.63554647,60.6355464,60.63554647
Redhead,35.18726592,12.94858068,14.33635418,14.75775814,15.28014108,15.47268415,15.66472008,15.78712055,15.96137927,16.06716428,16.1824385
Cormorants,0.083324825,0.021383206,0.033523414,0.036245833,0.037093044,0.037093555,0.03890296,0.038808538,0.042286395,0.042604141,0.041812757